Cape,Power,Attack Potency,Defense,Endurance,Information Gathering,Manipulation,Range,Speed,Stealth,Geometric Average,Comments
Abhorror,Produces liquid darkness that could be used to teleport over a wide range.,2,2,2,2,6,6,9,4,3.5,"I know that there are technically multiple Abhorrors, this was just the one whose powers felt sufficiently different to give it its own ranking. It doesn't seem to have any Trump effects, but at base, this clone's power is probably even better than the original Grue's."
Accord,"Intelligence scales with the size, scope, and complexity of the problems presented to him.",3,3,2,8,4,2,2,4,3.1,"His ability to engineer traps gives him a small boost to AP, defense, and stealth but it really doesn't work if he doesn't have the home-field advantage."
Acidbath,"Could turn into, sling blasts of acid, and move as a tidal wave of strong acid.",9,8,5,2,4,4,3,2,4,I hate this guy but he's a powerhouse. Going face-to-face with Zion and surviving (I think?) is a feat that just automatically makes him a strong cape.
Adamant,"Metallokinetic that can crudely move and shape metal, wield heavy metal armor and weapons without encumberment, and slowly strengthen, refine, and repair metals.",5,5,2,2,4,3,2,2,2.9,"I'd completely forgotten about this guy until I got like 150 capes into this spreadsheet. I'd say he's just a little worse off in the metallokinesis department overall than Cuff, but not by a lot. They're good at different things, and as far as brutes go, this guy is solid and adaptable."
Aegis,"Possesses redundant biology that operates at peak capacity so long as alive, flight, and the ability to use body with no fear of harm to self.",3,2,6,2,2,2,3,2,2.5,I love this guy and wish there was more of him in general.
Agnes Court,Creates organic structures that grow exponentially before hardening to a stone-like substance.,2,4,2,2,6,6,2,2,2.9,One of the cooler non-really-great-for-combat powers.
Alabaster,Restored to perfect condition every 4.3 sec.,3,2,7,2,2,2,2,1,2.3,"Discount grayboy, defensively."
Alexandria,"Invincibility via body in stasis, flight, and vastly enhanced strength. Also has perfect eidetic recall, enhanced processing/learning, and consequent mastery of many skills.",9,9,4,7,4,3,6,3,5.1,"The OG flying brick, +2 to manipulation because if she tells me to do something I'm immediately folding (or because of her cold reading and knack for exploiting emotions I guess)."
Allfather,Can create mid-air portals from which to launch volleys of weapons.,4,2,2,2,5,4,2,2,2.7,Racist discount Gilgamesh. Currently crying in hell after watching his empire get cooked by a black man and a big fish.
Andrew Richter,Specialized in computers and AI.,7,8,9,8,8,9,4,3,6.6,"Honestly, how do I even rate this guy? I was scoring Tinkers based on their work but his work is an entirely different character/is the toolset of another different character."
Animos,Limited time transformation to beast form with power nullification scream.,4,4,3,2,5,3,3,1,2.8,Probably the least interesting of the Teeth members ngl.
Annex,Can meld with inorganic material and reshape it.,3,5,3,3,6,3,3,4,3.6,Wildbow did my boy raw as hell killing him off-screen like that.
Anomaly,Creates black spheres that can pull in opponents.,3,2,2,2,5,3,2,2,2.5,"A bit speculative but you work with what you have, even if it's just one scene."
Arbiter,"Danger sense, can determine threat level of those surrounding an individual based on color. Can also minor produce forcefields and sonic beams.",3,4,2,5,3,4,2,2,3,"That scene where she learned Portuguese was pretty cool, too bad she's with my least favorite team."
Armsmaster / Defiant,"Tinker with specializations in miniaturization, hybridization, and efficiency.",9,6,4,5,7,3,3,3,4.6,He is one of my favorite characters and one of the best Tinkers in the story due to his sheer versatility in combination with his invention of the nano-thorn. Method tinkers might be OP.
Ash Beast,Shapeshifting beast form made of explosions generated through constant matter-to-energy and energy-to-matter conversion.,9,8,9,1,6,4,1,1,3.3,"This guy is such a cool piece of worldbuilding, he is probably the most destructive non-all-or-nothing cape on the list."
Assault,Manipulates kinetic energy.,5,5,4,2,2,4,4,2,3.3,"For some reason I imagined him and his suit being like the Rhino from the end of the Amazing Spider-Man 2. Anyway, I don't like him but his power is way better than I initially picked up from reading. It's also vague as hell."
August Prince,Stops people from taking any action that could directly harm him.,2,7,2,2,3,2,2,2,2.5,This was a pretty cool fight to see since it locked Taylor out of using her go-to special move (killing a child).
Bakuda,Bomb tinker. Also has an innate understanding of mechanisms and catalysts.,9,2,2,4,5,9,2,3,3.7,"Probably straight up the best Tinker in terms of attack potency, temporal locking bombs are crazy. The versatility of her attacks is also pretty insane, but she doesn't have much going for her beyond the raw damage she can do."
Ballistic,Imbues kinetic energy on touched objects.,5,2,2,2,3,4,2,2,2.6,"Takes notes Assault, we've got an actually likable asshole kinetic energy manipulator with a clearly defined power. Guy was actively holding back most times when he was using his powers but they're simple and pretty strong."
Bambina,"Launches at high speeds, ricochets with resulting explosions on impacts, for multiple impacts per launch. Enhanced balance/agility.",4,3,3,2,4,3,4,2,3,"For some reason, I imagined her as taking the shape of an actual ball with a face on it, like a Target-parking-lot-ball-sized version of Ego the Living Planet."
Barker,"Converts utterances to an energy that can then be converted into a variety of effects, including concussive force and flame.",4,2,2,2,3,3,2,2,2.4,"Talor beating him up was such a cool moment for her, but it makes him look a bit weaker than I think he actually is. Inugami syndrome."
Barrow,"Slowly replaces the environment within a fair radius with an otherworldly forest. Cannot move beyond the forest effect, but can extend radius by standing at the perimeter.",2,2,2,2,3,4,1,1,1.9,This guy is cool but I see like zero applications of his ability for conflict.
Bastion,Can create forcefields and deflectors.,2,5,2,3,4,4,2,2,2.8,"I didn't even remember this guy, which is probably what the PRT wanted given the public relations disaster he is."
Battery,"Charges herself up with immobility to grant enhanced speed, reflexes, strength, and electromagnetic telekinesis.",5,6,3,2,3,3,4,2,3.3,"Wildbow giving her an interlude right before she died was so foul. Also needing to stand still to charge up your power is such a big drawback that I don't think even the super speed, strength, and invincibility make up for it."
Bauble,Glasswork tinker.,2,2,2,2,4,2,2,2,2.2,"The only example we have of her work is a device that can turn inorganic matter into glass, which is still pretty cool."
Big Rig,Construction drone tinker.,2,2,2,2,3,2,2,2,2.1,This guy probably could have been useful post-leviathan and GM.
Bitch / Hellhound,Can morph dogs into massive monsters. Warped psychology that better interacts with dogs rather than humans.,5,5,4,2,3,4,3,1,3,"Probably the second best-written character behind Taylor herself, and she has a solid, fleshed-out power that's decent at pretty much everything you need in a direct confrontation (except stealth). Wolfspider is real and cannon, Wildbow just ran out of yuri juice at the end of the novel and accidentally wrote about her having sex with a man and not Taylor Hebert."
Biter,Distorts the size of individual body parts,4,3,2,2,2,3,2,2,2.4,"I like this guy despite the fact that his existence opposes my gay Bitch headcannon. Fun power, but it's not that great in a fight."
Black Kaze,"Teleports, with momentary existence in all spaces between departure and arrival, allowing for katana strikes at intervening foes.",5,3,3,2,5,4,9,2,3.7,"I try not to be a weeb but she's possibly the rawest background character in the series. Her power is great and she basically does Jack Slash's main power better than he does, with some Oni Lee on the side. It's nothing personal, kid."
Blasto,"Wet tinker, specializes in creating life forms.",5,2,4,3,6,4,2,2,3.2,"Possibly my favorite tinker specialization, and definitely a stronger one from what little we got to see in the story. Despite the fact that trying to make it was so crazy that even Bonesaw refused to do it, I really want to see what the Morrígan would have been able to do if it was completed."
Blowout,Telekinetically enhanced strength and durability that scales with the size and reaction of his audience. Also capable of stunning/slowing his enemies.,5,4,2,2,5,3,2,2,2.9,"I don't like him but he has a pretty cool power. I have no clue how high his strength so I went with what little we got. The 2 in strength is a little counterintuitive given publicity is fuel for his power, but he doesn't need to have it on at all times."
Bonesaw,"Biology, anatomy, and physiology tinker.",9,6,9,7,9,9,3,5,6.7,"The most OP (human) tinker, and the main powerhouse behind the S9. Her specialization is so broad and so powerful and her shard likes her so much that she can basically achieve any effect she wants using a variety of means. Also, I thought at the beginning that if Wildbow tried to make any of the S9 sympathetic I'd be mad, and then he did it with arguably the least redeemable one and I loved it."
Brandish,Makes energy weapons and can turn into a near-invulnerable sphere.,5,6,3,2,2,2,3,2,2.8,"This is a pretty good straight-up combat power overall, with solid attack and defense with little use outside of that. It sucks that her main defensive option involves confronting her exact phobia though."
Breed,"Creates small lifeforms that inhabit corpses, grow, and become more dangerous over time/after eating.",3,2,3,2,4,4,2,1,2.4,"Even though his power is kind of garbage, it provokes some of the strongest ""aw hell no I'm not fighting thing"" response in the entire series."
Browbeat,Point-blank telekinesis and personal biokinesis for personal healing and self-alteration.,7,7,4,2,2,2,3,3,3.3,"Cool cape with a very solid powerset. His two powers played off of each other very nicely, though not quite nicely enough for him to survive throwing hands with an Endbringer like he tried to do."
Burnscar,"Pyrokinetic and fireproof, can teleport through flames. Psychopathy scales with the amount of fire nearby.",5,2,4,1,6,5,9,1,3.2,"Probably the saddest S9 member, but her power is pretty insane and its only real weakness besides the mental changes is the lack of reliable defensive options."
Butcher XIV / Quarrel,"Ranged pain inducement, enhanced durability, enhanced strength, cardiovascular system tracking, short-range danger sense, short-range explosive teleport, unrefined matter shaping, short-range mindless rage inducement, pain immunity, perfect accuracy, passes powers and consciousness down to killer.",7,6,4,3,3,5,10,2,4.4,"Another really cool character by Wildbow, the Teeth as a whole gives such a unique vibe that really adds to the setting. Despite the score I gave her, she has probably one of the best defenses in that not many people even want to kill her, and will go out of their way not to."
Cache,Can store/retrieve items and individuals in a pocket dimension.,6,2,2,2,3,4,2,3,2.8,"I'd forgotten about this guy, but he did pretty well in the fight he was in. I had considered making an ""everyday utility"" category, and if I had done that, this guy would probably be pretty high up. Honestly, if I had to pick a power to take to the real world to use for normal life, this might be the one."
Califa de Perro,Super strength and agility augmented with point-blank aerokinesis.,4,2,3,2,3,2,3,2,2.5,"We didn't get to see him use his aerokinesis, but his raw strength was pretty exceptional. I want to see more South American capes because the whole idea of the villains being more connected to the government than the heroes is really cool."
Campanile,Giant growth with gravity-altering aura.,5,3,3,2,2,3,3,2,2.7,"One of the few people on the list who we didn't see in action at all, but his power is easy enough to imagine with the descriptions given. He gets my favor for having the funniest scene in Worm."
Canary,Enhanced singing that makes anyone who hears it susceptible to suggestions.,2,2,2,2,6,4,2,2,2.5,"Her stealth score is kind of weird because while she does have bright yellow feathers and needs to do the obvious act of singing to use her power, her suggestions have solid applications when it comes to subterfuge. Also, seeing a character introduced in an early interlude contribute greatly to the end of Gold Morning was really cool."
Carnal,Durable healer that accelerates healing by bathing in blood.,3,4,6,2,2,2,2,2,2.6,"Another one that we didn't really see in the story, except as one of Bonesaw's monster mashups, but the power is simple so scoring isn't too difficult."
Chariot,"Tinker, produced devices, suits, and vehicles relating to movement and teleportation.",2,3,4,2,2,5,9,2,3.1,"A tinker with a very solid specialization, I wish we saw more of him and what he could do. A wise Skitter once said, ""If you can't kill your enemies, bully them into killing themselves."" (Note: That last sentence was definitely meant for someone else, but its been months since I wrote it and I can't tell who anymore, so it's staying here)."
Cherish / Butcher XV,Can manipulate/sense emotions. Later gained all former Butcher powers.,2,2,2,5,8,7,2,4,3.4,"Mini-heartbreaker is very strong. Only specific powers or situations can let you resist her control, and if she hadn't gone and signed up with the S9, she probably would have done fairly well as a villain."
Chevalier,"Can combine similar items, giving resulting item select qualities of different 'parent' items. Also sees abstract representations of other parahumans' trigger events.",8,8,2,3,3,3,3,2,3.5,"One of my favorite characters, I love classical heroes. His power was a bit hard to understand, I thought the objects he used stayed separate and he was just picking properties from them. But after I was clear on everything, his power turned out to be one of my favorites as well, since he's like a dimensional material engineering tinker. Also adding Endbringer bits to your gear is raw as hell."
Chitter,Can control rats.,3,2,2,6,5,6,2,2,3.1,"If I had to pick one, I'd probably rather control bugs than rats. This seems like a straight downgrade from Taylor's power, though I'm sure that being devoured alive by rats is more terrifying than being stung to death by bugs."
Chronicler,"Can create solid mirrors of past events, potentially multiplying attack effectiveness. Also flies.",2,2,2,3,6,4,3,2,2.8,"Interesting power, but I struggle to think of great applications for it."
Chubster,"Gained durability and ambient momentum dampening effect at will, tied to consequent loss of mobility.",2,5,2,2,2,3,1,2,2.2,RIP to a real one.
Chuckles,Super speed in head and legs. Super strength in chest and arms.,4,2,2,1,2,3,5,1,2.2,"Horrifying power drawback, may he rest in hell."
Cinderhands,Generates intensely hot fire from his hands.,5,2,2,2,2,2,2,2,2.2,"Very simple and direct power, but the fire is hot, so it's pretty alright."
Circus,"Many weaker powers, including balance, personal pocket dimension, and pyrokinesis if flame is available.",3,2,2,3,3,3,2,3,2.6,God's silliest soldier. Probably would have been better off joining an actual circus.
Citrine,"Alters reality in a small area, adjusting physics or natural laws.  Can attune 'frequency' to diminish or disrupt a parahuman's powers, with perfect frequency killing them.",7,7,2,3,10,3,3,3,4.1,"Discount Stilling is still very strong. Being able to create a perfect defense for most powers, change the laws of physics around you, and kill people beyond their defenses by finding the right frequency is crazy, and only really held back by her range."
Clairvoyant,"Has and can grant complete clairvoyance, also overriding other perception powers",4,2,2,10,2,2,2,2,2.7,"Does what his name suggests really well, and the potential information overload attack is nice."
Clockblocker,Freezes objects in spacetime for a random duration with a touch.,3,8,2,2,10,4,2,2,3.3,"Dennis, my boy! The ability to shut down any opponent with a touch is fantastic, and the fact that his power can trap people in things like loops of string helps mitigate his only real drawback of needing to touch the target. The panic button for an inviolable defense is also great, but nothing is stopping an enemy from placing a persistently dangerous effect, like covering him in acid and waiting him out."
Codex,Causes permanent brain damage to targets in exchange for a temporary boost to her own mental power.,7,2,2,4,8,4,2,2,3.3,"WTF do you mean you can cause immediate, unblockable brain damage get the hell away from me!"
Coil,Can split timelines to attempt alternate strategies at will.,2,8,2,8,6,2,2,3,3.4,"I genuinely cannot wrap my head around the explanation for how his power works. But in any case, his defense rating is as high as it is because no matter what you do to him, he can always set up another timeline where he's been chilling 100 miles away since before the fight began, and not a lot of powers can counter that."
Contessa,"Is shown the ""Path to Victory"" to anything she wants to do. She knows the steps she needs to take towards a goal, and can perfectly execute those steps.",7,7,5,10,10,2,4,10,6.1,"I mean, she wins."
Cozen,"Generates pocket dimensions that can stow/produce items and individuals at range, and could form networks to transfer things between them. Only operated ideally when under minimal stress/undistracted.",2,2,3,2,4,4,4,5,3.1,"Her power is actually pretty okay, assuming she has time to set up a network beforehand."
Crane the Harmonious,"Keen understanding of movement and fighting styles, could learn and teach the 'perfect style' for a given individual.  Can generate a floating orb that redirects movement in its vicinity.",3,4,3,4,5,3,3,2,3.3,Lock her back up she's not built for a Scion fight.
Cranial,Neurology tinker.,2,2,2,5,5,2,2,3,2.6,Strong enough to be partially responsible for the Slaughterhouse 9000.
Crawler,Powerful regeneration and gains personal adaptations in response to any damage taken.,6,8,10,4,6,4,4,1,4.6,With this treasure I summon...
Cricket,"Vastly increased reflexes, personal sonar that could be keyed to disrupt others' senses.",2,3,2,3,4,3,2,2,2.5,"She's kind of garbage ngl. Plenty of capes could outrange her, outspeed her, or ignore the effects of her powers."
Crimson,Enhances strength and durability by drinking the blood of others.,4,4,3,2,2,2,3,2,2.6,"Super strength and durability are something a lot of other capes get for free, but this guy needs several people's worth of blood for a not-all-that-strong power-up."
Crucible,Generates forcefields within which he can create incinerating heat.,5,4,2,2,4,3,2,2,2.8,"We didn't see him in action much, so I'm lowballing my estimates for his power, but damn this guy is kind of a badass. He was going up against the S-9000 and survived, and his forcefields were good enough to make him viable as a hero without even using his crazy incineration power."
Crusader,"Can create shades of himself to fight and lift himself. Favorably Manton limited as shades ignore inorganic matter, penetrating armor and passing through walls.",3,3,2,3,5,4,3,3,3.2,"One of the better E88 members, power-wise, and probably my favorite of them. Wearing armor was a good choice since it kind of rounds out the big weakness of his power that he doesn't have much protecting his main body."
Cuff,"Enhanced strength, durability, and metallokinesis, augmenting agility by manipulating own armor.",5,6,3,2,3,4,3,2,3.3,"A more solid powerset than I was originally thinking. I really like this take on metallokineses, you almost never see them get based more on agility than whacking, slicing, and restraining people. I also like her a lot as a character, she's a great example of someone who just isn't built for the cape life personality-wise, but pushes through that and accomplishes a lot. That scene where she forces Taylor to apologize to Theo with weaponized niceness is funny as hell too."
Daiichi,Creates a physically enhanced phantom version of himself until his concentration breaks or it takes too much damage.,3,2,3,2,3,3,3,2,2.6,Don't think it don't say it don't think it don't say it.
Damsel of Distress,"Can produce high recoil 'shotgun' bursts of warped space, disintegration, and gravity, able to shear and destroy virtually anything, as well as fling her back. Can be used as mover power.",10,2,2,2,8,4,3,1,3.1,"She probably has the most ""lopsided"" stats, normally a high ranking in one category kind of boosts the others by proxy but her ability is pretty specific. Bonus points in my heart for the great name."
Dauntless,"Incrementally empowers items day-by-day, permanently physically enhancing them and giving them unique abilities. Objects are briefly supercharged just after he empowers them.",3,6,3,4,2,4,5,2,3.4,"Talk about wasted potential, this guy could have been insanely good if he hadn't died so early. Which I guess is the point of his character. Thanks, Wildbow :("
Dinah Alcott,"Probabilistic precognition in reflex to receiving questions about future events. Can pick out specific timelines to determine what happens. Has blind spots, but can somewhat get around them with careful questioning.",2,2,2,9,3,2,2,2,2.5,"The best precog in the series, and probably the child I feel the most bad for in the series. Which is saying a lot."
Dispatch,"Creates opaque, inviolable bubbles wherein time is accelerated, making anything that happens inside of them appear to outside observers as if it happened in an instant. Can stagger manifestations to mimic super speed. Also has super strength and durability.",3,9,3,3,5,3,5,2,3.7,"This guy has one of the cooler powers in the series, and it's pretty damn strong as well. He gets around the only real drawback pretty easily with oxygen tanks, though he couldn't show that off in the Behemoth fight, and he synergizes very well with any cape that needs time to be effective, which notably includes Eidolon. Also, Houston represent!"
Dodge,Pocket dimension tinker.,2,2,2,3,3,2,2,9,2.7,"The ability to create long-lasting, gated-access, huge-ass pocket dimensions is good."
Doormaker,"Can open portals to anywhere in his sensory awareness, including across dimensions. Portals come in all shapes and sizes.",2,5,2,1,8,10,9,4,3.9,"Judged without connection to any other parahumans, he got the short end of the power stick, but he synergizes so well with so many other powers that it doesn't really matter."
Dovetail,"Flight, drops a 'rain' of forcefield pellets that accumulate and hamper those caught in her wake.",2,2,2,2,3,2,4,2,2.3,Someone please give her a normal job she doesn't belong out here with the big dawgs.
Dragon,AI with the ability to replicate other Tinkers' work.,7,8,9,7,8,9,4,7,7.2,Wildbow you RAT stop trying to kill my favorite character.
Echidna,"Body absorbs living tissues and develops related body parts, and exhibits endbringer-level strength, and high-level durability and regeneration so long as her core is intact. Vomits stronger, more aggressive clones of any organism she fully consumes, for as long as she can keep them inside of her. Parahumans cannot use their powers when in contact with her, hallucinate their worst memories while inside of her, and parahuman clones have an often stronger variation on the original's powers. Has city-wide parahuman recognition and tracking via a thinker power that interprets the information as a ""smell"".",8,8,9,6,8,6,3,1,5.2,"She honestly might've gotten the shortest end of the stick in this superpower lottery. Having the Smurf perfectly engineer the most tragic series of events possible for this character was devious as hell, WiffleBat."
Eidolon,"Has a vast store of varied powers. He can draw on a couple at a time, and they take a couple of minutes to reach full potency. He does not control exactly which power he gets in a given situation, as it is dictated by what his shard thinks he needs. He is only able to hold on tightly to a power, or purposely discard it to gamble for a new one.",10,10,10,10,10,10,10,10,10,"As the strongest parahuman went up against the King of Shards, Zion, the Golden Fraud asked him a question. ""Are you the strongest because you're Eidolon, or are you Eidolon because you're the strongest."" Eidolon smiled and said, ""Nah, I'd win."" The pair then opened their domains, but Zion didn't know two key things. The first is that in a one-on-one fight, always bet on the High Priest. The second is that he would bear witness to the naked flesh of David, the man who left it all behind, and his overwhelming intensity. As their domains clashed and Eidolon manifested an all-or-nothing shard technique to stop Zion in his tracks, he said ""You tried to mess with humanity, but you didn't realize that we alone are the exception. Because throughout the heavens and the Earth, I alone am the honored one."" As the Bullied Entity turned to see his dead partner behind him, Eidolon spoke four words, barely audible. ""Stand proud, you're strong."" Finished but still unsatisfied, Eidolon said, ""Looks like I still need worthy opponents. With this treasure I summon... the Endbringers."""
Eligos,Creates blades of air that boomerang back to him.,4,3,2,2,3,4,2,2,2.6,You'd better be glad I used up my only allowed lobotomy kaisen on the one directly before this guy alphabetically.
Epoch,"Can move things forward, backward, or pause them in time in ten-second intervals.",2,4,9,3,9,3,3,3,3.9,"Wildbow please please please expand on who this guy is more, he is the most interesting of the characters who don't get screentime I just need to know how he made Brian hate time travelers please Wildbow I beg you."
Exalt,"Powerful aerokinetic, powers worked optimally only once in a given, lengthy duration (sometimes hours, sometimes days), with limited aeroskinesis otherwise.",5,3,2,2,5,6,3,2,3.2,Needs a several-day charge-up to deliver the same force that other parahumans can deliver whenever they want. Possibly the most washed Protectorate member.
Fathom,Displaces people and objects to and from a dimension filled with water.,6,3,2,2,3,2,2,3,2.7,"Discount Grey Boy??? Seriously, depending on the activation requirement for his power, this guy could be a real menace. He's not even Manton-limited wtf?"
Faultline,Can destroy inorganic matter with a touch.,6,2,3,2,3,2,3,3,2.8,"A cool character, but I kept thinking she was going to be more major than she ended up being. Her power is simple and pretty good."
Felix Swoop,"Has limited control over certain types of birds, which he can also give fire resistance and pyrokinetic abilities.",3,2,2,2,3,4,2,2,2.4,"I unironically love this guy's powers. I mean, they're not good, but they're so funny and creative that I would 100% want him on my team just to watch him fight. #FELIXSWEEP"
Fenja / Menja,"Grows in size, with a space-warping effect granting increased durability at the same time.",8,8,3,2,2,3,3,2,3.3,"They share a power, one which is honestly pretty solid, now they get to share a row. Thanks, Inverse-Square Law!"
Flashbang,"Creates orbs of energy that detonate explosively or concussively, with potentially lethal force and blinding brightness. Can modify the power of orbs, re-absorb them, and is immune to their effects.",5,2,2,2,5,4,2,2,2.7,"He sure is one of the characters in the story. Not much to say otherwise, but his power is decent."
Flechette / Foil,"Can charge objects, rendering them immune to conventional physics (mass, friction, etc).",10,2,2,4,2,2,2,2,2.7,"I actually don't want to read the wiki for her since she seems like a major character in Ward, but yeah this power is strong. Perhaps the strongest, in terms of raw damage-dealing potential."
Fleur,Can create telekinetically controlled flowers or firecrackers of light.,5,2,2,2,6,4,2,2,2.8,"I liked what New Wave was doing, too bad the space worms were turning everyone into murder hobos."
Florence Vasil,"Can force people to follow actions if a set of conditions, or rules, are met.",2,2,3,5,8,2,2,3,3,"Girl, mind control?!"
Floret,"Creates ""buds"" with intricate crystals, capable of a large variety of effects. Enhanced awareness and processing of fine details.",3,2,2,7,8,3,2,3,3.2,"This power is insanely good for how casually it was mentioned. The fine-detail sense alone makes her one of the best thinkers out there, and adding the sheer versatility of her buds makes her very strong in a wide array of situations. She probably isn't front-line fighter material, but as a support, she's second to very few."
Fog,Turns into living fog that causes harm to those within.,4,4,4,2,8,4,3,2,3.5,This guy probably sucks to fight.
Gallant,Shoots concussive blasts that inflict targets with specific emotions. Can sense the emotions of those around him as auras.,3,2,2,4,6,4,2,3,3,"For some reason, I don't like this guy, but his power set is fairly strong. I think I recall Tattletale saying that too many emotional blasts could be potentially debilitating, so he has some pretty solid ways of taking someone out of a fight."
Galvanate,"Capable of granting invincibility, enhanced strength, and a potentially lethal electric touch to other individuals.",5,8,3,2,3,2,3,2,3.1,"I don't think he can use his power on himself, but he's still really strong. Particularly, the invincibility he grants is great, and even Alexandria was willing to stack it with her own. Being able to create a squad of mid-level Brutes to do whatever you want is good, regardless of what you personally can do. Also, great name."
Garotte,"Case 53, living mass of tentacles that grab and crush independently of her will.",4,4,4,2,4,4,4,1,3.1,"Despite having fairly solid stats, this power sucks. Poor Sveta."
Gavel,"Power reduces incoming damage to a set amount.  Imbues melee weapons with vast impact, but power protects the target, resulting in the target being thrown great distances.",5,9,3,2,3,2,3,2,3.2,"This guy was cool as hell. Putting hands (or hammers) on Scion in an extended fight is one of the best feats in the entire series. I really like the idea of him smacking around criminals after giving them invincibility and having them crash into stuff. I less like the whole ruthless, family-targeting, reckless cop thing he's got going on."
Genesis,"Enters catatonic state to create and then control a body, initial components decided by her, remainder by passenger.",5,5,5,3,6,6,4,4,4.6,"I need some of whatever's in that Deus vial because both of the powers we've some come from it are absolutely cracked. Being able to mimic biological functions (or really, any physical function so long as she includes a biological basis) is insanely strong. The only real drawback to this power is that she needs time to adapt her forms to new situations, and can't do so too many times."
Geomancer,"Created streams of rubble, was stronger if rubble is already existent.",4,2,2,2,4,4,3,2,2.7,"Entirely guessed, since he wasn't actually shown in the story. RIP."
Getaway,Teleporter who can only teleport to areas set up in advance.,2,2,2,2,2,5,7,3,2.8,"That's just teleporting but kinda bad? Honestly, the Red Hands kind of don't deserve their cool group concept for how bad their powers are (or maybe that's the point idk)."
Glace,Cryogenics and stasis tinker.,2,2,2,3,3,2,2,2,2.2,"This specialization is probably really good. In fact, we see Snowmann do some cool stuff with basically the same thing, but we only see Glace's tech used to keep the 9/000 asleep for a while."
Glaistig Uaine / Valkyrie,"Can harvest the powers of a parahuman by either touching them, killing them instantly in the process, or by being in the general vicinity when they die. She can then manifest the harvested powers as spectral recreations of the original owner of the power, and can direct them to use their powers at will. These manifestations must stay in her immediate area, and the individual power of each specter decreases with the number of other specters summoned, not including specters that were duplicated with a different power. The spectres interact with the physical world as normal matter would, and will slowly regenerate if damaged or destroyed. Can also sense powers at great distances and through barriers, and can figure out how powers work by examining them.",10,10,10,10,10,10,10,10,10,"The world's strongest melodramatic theater kid. Probably stronger than Eidolon until he learned to recharge his power batteries, and is definitely the strongest cape after she harvests his powers."
Glory Girl,"Emotion-affecting aura focused on awe/intimidation, flight, enhanced strength, and personal forcefield that blocks one heavy hit or a few seconds of sustained damage hit before taking 1-2 seconds to recharge.",4,6,3,2,5,4,4,2,3.5,"I don't actually want to look at her Wiki page since I know she's a major (or main?) character of Ward, but she has a pretty strong classical superheroine powerset."
Golem,"Can push his limbs into surfaces, causing the same limb to sprout off a surface of the same material at a distance. The limbs can be a size of his choosing, with bigger limbs emerging slower than smaller ones, and can also be controlled as a limb normally would or set in place as a statue. Can also sense surfaces in the area made of the same material he is currently touching.",5,4,2,3,5,4,3,2,3.3,"A very solid power that took him far in the story, and could probably make him one of the most reliably potent heroes in the story. Theo gets underestimated, but he had a good showing in the behemoth fight with the giant lightning rod hand, survived the intense cape hunting and endbringer fighting through the time skip, solo'ed several Slaughterhouse 9000 members, survived Ellisburg, survied a direct confrontation with Jack Slash, who pulled a crazy Hookwolf combo, and survived Gold Morning. Respect my boy!"
Grace,"Has increased agility and perception, can grant extremity/body part enhanced power and invulnerability/power immunity.",4,5,3,3,2,2,3,2,2.8,"For the longest time, I didn't register that Grace was her cape name, referring to the synonym for elegance or refinement, and instead thought that he was just using her given name. Anyways it's a solid power, but the fact that the invincibility doesn't extend to more than one limb at a time really screws her over."
Grandiose,"Flies, has a personal forcefield that glows brighter over time before detonating.",6,5,3,3,2,3,3,2,3.2,"He went out like a G, RIP."
Gray Boy,"Can trap those around him in manipulable time loops of pain at will. Undoes or teleports away from any damage taken/negative effects applied, with a very favorable view as to what counts as damage.",10,3,10,2,4,4,2,1,3.4,"Unsurprising of me to say that this is probably the most terrifying power in the series. Explaining the stats, I counted his damage negation as endurance and gave him a +1 to manipulation for the sheer psychological toll going up against his power must impart."
Gregor the Snail,"Case 53, is boneless, durable, and produces various slimes with differing effects.",5,4,2,2,6,3,1,1,2.5,"I like this guy, he reminds me of my Ethics 101 professor. Which is maybe not the best compliment I could give my professor, but I liked the class. His abilities are versatile, and I'm sure we haven't seen the full catalog of slimes he can create."
Grue,"Produces smoke-like darkness that dampens sound and light, as well as various other forms of waves and radiation. Later borrows powers via thicker, heavier darkness.",2,2,2,3,7,5,2,3,2.9,"It's hard being the only straight Undersider. As a power thief, he's kind of hard to rank, so I just rated him at his base with the caveat that any/all of these numbers could go higher in the case that he's got the right power to borrow."
Gully,"Enhanced strength, thick-skinned, terrakinetic Case 53. Also has a thinker awareness of the ground around her.",3,3,3,3,4,3,2,1,2.6,Another of the of the many done dirty by Cauldron.
Gwerrus,"Super strength, reflects damage back onto the attacker.",4,7,3,2,2,2,3,1,2.6,"She got killed so close to freedom, RIP."
Hack Job,"Enhanced strength and durability, and close proximity power nullification. Can teleport and leave behind clones, which can act independently for a couple of seconds before exploding into a cloud of blood and dust.",4,4,3,1,9,2,10,1,3.1,"Hatchet Face x anyone else is already a pretty rough combination to go up against, but Oni Lee might be one of the best choices. Giving the guy who can already beat pretty much anyone at close-range ambush tactics was a great move on Bonesaw's part."
Halo,"Creates a five-foot wide halo that can be moved at will, sports a cutting edge, and generates forcefields and lasers. Can also use the halo to fly.",4,5,3,3,3,4,3,2,3.3,"Haven is honestly a very nice world-building addition, though this guy's powerset is a little underwhelming."
Hatchet Face,"Enhanced strength and durability, has an aura that nullifies the powers of those nearby.",5,5,3,2,8,3,3,2,3.5,"For some reason, I thought he literally had a hatchet coming out of his face, like a Chainsaw Man character. He's definitely one of the strongest melee fighters in the series, by sheer virtue of making his opponents just regular people against a hulk. The fact that he's fast enough to get non-movers into his range too really helps too. I can honestly see him beating Eidolon in the right circumstances, though probably not Contessa."
Heartbreaker,"Can dramatically affect the emotions of those within his line of sight, and the effects can be long-term/permanent.",2,2,2,5,9,4,2,4,3.2,Line of sight mind control given to a horrible person? Yeah someone definitely needed to take this man's life.
Hemorrhagia,Hemokinetic with personal biokinesis.,3,3,2,2,2,2,2,2,2.2,Worst blood manipulator ever???
Hero,Wavelength and frequency tinker.,7,2,3,4,6,4,3,2,3.5,"The OG tinker, my favorite power classification. Wavelength manipulation is a good chunk of what made Scion so unbeatable, so a tinker with that specialty with very few restrictions on his shard would of course be very strong. Manton took him from us too soon, he almost definitely deserves to be ranked higher but I gotta go off of what we know he made."
Hookwolf,"Can transform into a mass of blades and metal objects, the of which is form roughly customizable.",5,6,8,2,2,2,3,2,3.2,"Unfortunately, this guy is a powerhouse, even though he's actively nerfing himself by only taking the shape of a wolf. His biggest strengths are his durability and his ability to recover from any injury he takes in his blade form so long as his ""core"" isn't destroyed, kind of like Echidna. Being able to recover from being torn in half by an Enbringer is crazy, and that's on top of being naturally bulletproof regardless of his form."
Hoyden,"Super strength/durability, resistance to long-range powers, and explosions on contact with attacks and attackers.",5,9,3,2,2,2,3,2,3,"One of the best defensive abilities in the series, as she was able to tank Behemoth bolts and put her hands on Scion. Her mix of powers work really well together, making her a strong melee fighter that you just can't take down at range."
Ignus Fatuus ,"Has a dimensional ""flickering"" ability that allows it to heal itself, escape restraints, and conjure items on one limb at a time. Also has wide-range aerokinesis, allowing it to maintain a large vacuum around itself and fly.",5,5,5,3,7,5,3,2,4.1,"I actually have no clue if it's able to choose different abilities or if it just has the aerokinesis and flickering. On one hand, Taylor says that it had ""chosen its powers"", but on the other, we never see it switch them out, even when it'd be helpful. I ranked this on the idea that it could not do switch powers, but if it can, you can pretty much just give it 10s across the board like Eidolon."
Imp,Affects memories about herself in a way that makes her completely unnoticable and unrecallable. Also decays records of herself over time. Memories made in abstract relation to her or made with senses that are not standard to humans are not affected.,2,3,2,3,3,2,2,7,2.7,"Whoever this person is, she's one of the prime examples that PRT threat level != raw potency of an ability. She's a fantastic stranger, and that secondary ability she showed of being able to make people specifically forget the last couple moments of conversating with her has great applications in interrogation."
Ingenue,"Alters and augments powers, but also alters the psychology of the victim, in a deleterious fashion. Can also change her own personality into that of the target's ""ideal woman"".",2,2,2,3,5,2,2,2,2.4,"Her powers kind of just suck for everyone involved, I feel bad for her."
Iron Rain,Materialized spears/blades/weights blades at high altitudes and minor ferrokinesis allowed some aiming of the falling objects.,4,2,2,2,4,4,2,2,2.6,I wonder if there's a connection between racism and metal-based powers. Extremely funny to imagine her trying to drop anvils on people's heads like Wile E. Coyote.
Jack Slash,"Can extend a blade's cutting edge nigh-infinitely. Also subconsciously predicts/manipulates other parahumans, sabotaging them such that they will not succeed when working against him.",3,9,2,4,4,7,2,2,3.5,"You can qualify, you can quibble, you can tack on extra powers, but Jack doesn't lose to parahumans.  Put me in the ring with him though I swear I'll lay him out."
Jacklight,Creates orbs of light that redirect movement in the immediate vicinity.,2,3,2,2,4,3,2,2,2.4,"This power kind of sucks ngl. It hinders allies as much as it does adversaries, and the hazard zones it makes are both not very impactful and highly visible."
Jamestowner,"Radiation blaster, could focus effects to turn individuals into docile (to him) mutants, driven largely by cannibalistic hunger and fear of being irradiated further. Could make these mutants from the dead, animals, and humans.",6,2,2,2,5,3,2,2,2.7,"This guy doesn't appear in the story aside from a one-off line, but we kinda know his powerset and that he achieved notoriety.  Tattletale said he was a tinker, but on this document, Wildbow said he was a blaster, but both have the same effect so pick your favorite. In any case, having an army of ghouls and super mutants on top of shooting cancer beams is probably a very good setup if you're a supervillain."
Jouster,Conducts various effects along his lance. Attacks must hit to trigger effects. Secondary mover ability in the form of a short burst of speed.,5,2,2,2,3,3,3,2,2.6,"He's what I imagine Fire Emblem characters are like, having not played Fire Emblem. One of the few strikers whose power is tied to a specific item/type of items, kind of like Jack. The effects he generates all seem pretty useful, though needing to hit with his lance to trigger them (especially the suction one) kind of sucks."
Juliette Vasil,"Can make one person she targets freeze in place, so long as she also stays still.",2,2,2,2,6,4,2,2,2.5,"I think school of enchantment wizards gets this at level 2. This is good for locking down the one guy that you really don't want to be active, but she'd better have a good team behind her to back her up."
Kaiser,"Can produce all manner of metal shapes and objects from any solid surface. The material can come out in large amounts or very quickly, with an inverse relationship between the amount of metal being generated and the speed at which it comes out.",5,4,2,2,8,4,2,2,3.2,"The power lottery was very kind to this guy. He's manton limited, so no generating metal inside of people, but nothing stops him from shooting spears from the ground or nearby walls directly into people. That also means he can generate armor around his allies whenever he wants. He's extremely versatile, and he can basically lock down a battlefield for anyone who can't get past solid iron/steel."
Kazikli Bey,Aerokinetic that is capable of forming whirlwinds and slicing people with air compressed into razorlike ribbons.,5,2,2,2,3,3,2,2,2.5,"I don't know how good this was for the original user, but it must have sucked when Tohu got this."
Khepri,"Jailbroken Administrator shard capable of controlling sapient creatures within sixteen feet of the host, and maintained more crude control of bugs at a range of 300 feet. Can co-opt the senses and gain awareness of the emotions, powers, and memories of the controlled creatures. Rapidly degrades the host's mental faculties.",4,2,2,5,10,5,1,1,2.8,"The Scion-killer. What more could you want? It was the perfect tool for winning Gold Morning, but it's probably not a powerset I'd want normally, given that it's coupled with the loss of any ability to communicate and all."
Kid Win,"Tinker specializing in modular devices, or ones with alternate settings or uses. Struggles to build more focused devices.",7,5,2,3,5,4,4,2,3.7,"Chris had a really nice little arc in the story, it was nice to see him grow into his own, though his therapy session was worrying.He's one of those Tinkers who's less defined by what he builds and more by how he builds it. That's a recipe for a strong and versatile tinker, à la Armsmaster or String Theory."
King,"Enhanced strength and endurance. Transfers wounds, damage, and effects to those he's touched in the last day, either spread evenly throughout or targeted on a single person.",3,9,3,2,5,2,3,2,3.2,"Imagine fighting this guy, he touches you, and now you kinda just gotta leave him alone till tomorrow unless you want to die. That has to be rough."
King of Cups,"Healer, can create phantom limbs.",3,3,6,2,5,4,3,2,3.3,"As a biomedical engineering student, I'm jealous. The healing aspect of the ability is fairly limited to the somewhat specific injury of losing a limb, but the general use of phantom limbs is good enough. The scene with his second trigger was crazy, I wonder how powerful he would have been had he survived."
Krieg,"Wide range kinetic manipulation, more powerful closer to him, resulting in brute classification.",4,4,2,2,4,4,3,2,3,Did we even see this guy in action?
Kudzu,"Self-replication cape, clones could self-replicate. Reined in by psychological drawback.",2,2,2,2,7,2,2,3,2.5,Was probably the single worst cape to have near Echidna.
Lab Rat,Specializes in tinker drugs that turn subjects into monsters while storing their original state for when the transformation ends.,4,4,8,3,6,2,3,2,3.6,"I kind of like him, the versatility of turning people into various monsters brings a lot to a fight, and could potentially let normal humans get in on the action. The fact that the transformations act like a Druid's wildshape in terms of damage is really great and can be lifesaving in a lot of situations. (Note: That last sentence was written before the nerf from the 2024 PHB :/)."
Labyrinth,"Can massively manipulate surroundings by tapping into alternate universes, selectively phasing whole sections or items into her environment.",2,2,2,2,10,4,2,2,2.7,"The reality warper that was used to bully Scion. Probably has some of the most ""breadth"" and ""depth"" with her shard, as Bonesaw described it."
Lady Photon,"Can fly, shoot energy beams, and project forcefields.",4,4,3,3,3,3,3,2,3.1,"Simple, well-rounded power. Not much unique going on here, but it's solid."
Laserdream,"Can fly, project weak forcefields, and shoot precisely controlled, powerful energy beams.",5,3,3,3,4,4,4,2,3.4,"More powerful lasers bring her closer to Legend, the premier laser-user of the verse. The forcefields are weak enough to be shattered by regular guys, but honestly, the better beams and flight compared to Lady Photon more than makes up for it."
Leet,"Tinker with no limits, except that creations have a chance to misfire respective to how much he's worked on the idea/in the field. He cannot make the same thing twice.",10,4,2,4,10,4,7,2,4.5,"I actually have a lot to say about this guy, because he's one of the biggest cases of missed potential in the series that often gets way underestimated by the fandom. I won't rehash it all here, but u/Indepentent-Height87 does a great job of explaining what I imagine a good L33t to look like. In any case, his highest ratings here mainly come from his ""Warp Signal Shooter"" and ""Reality Hacker"" devices, which both do limited high-tier reality warping. Those two alone are individually contenders for the most powerful tinker device in the series, and the fact that L33t could make them and still not succeed as a cape is a testament to how woefully incompetent he is."
Legend,"A flying laser-blaster with a large toolbox of possible types of laser and laser effects. Has a breaker state made of living light, which he reflexively shifts to avoid damage and absorb energy to restore his regular body to peak condition.",8,7,7,3,8,6,6,2,5.4,"I didn't actually think he was super powerful while I was reading, but once I realized how versatile his lasers were, it became clear why he was considered one of the top 3 heroes in-universe. Unless you can somehow counter everything he can throw at you or aim-dodge highly maneuverable beams of light, you're not beating him. The reaction-time defensive breaker state and the fastest flight in the series are just the cherries on top. Also, he probably single-handedly spurred on a lot of progress for gay rights on Earth Bet, so he's goated for that."
Leister,Spear wielder with the ability to distort spear and convey self to target point.,2,2,2,2,2,4,3,2,2.3,"I'm not sure what the power description given here means, but all we saw him do in the story was extend his spear to hit a child and then immediately get knocked out by a ""child"", so it can't be that good."
Leonid,"Capable of hearing everything nearby, as well as teleporting himself to areas within earshot of a given utterance.",2,2,2,5,3,4,7,3,3.2,"This is one of those sets of powers that made me think ""wow Wildbow is so creative"" while I was reading it."
Ligeia,"Creates portals to otherworldly ocean depths, resulting in massive geysers that can withdraw to suck in waterborne items/enemies, and can close the portals to leave those sucked in in another reality.",7,2,2,2,5,4,2,2,2.9,"Having the chance to banish people to the ocean depths of another dimension is insanely good, the fact that she can compel their movement into the portals if they don't have a way to escape strong water currents makes this ability really strong against physically weaker parahumans, but kind of bad against stronger parahumans who can resist the effects."
Lizardtail,Aura regenerates those in the area.,2,2,4,2,6,3,2,2,2.6,"One of the few healers of Worm, and one that is surprisingly healing specific. Most of the other healers in the series really only heal as a side effect of what they do, or they can only work with something specific, or their healing just kind of sucks in general. But this guy kind of just has strong healing with no downsides, maybe making him the most straight-up ""healer"" healer in the series."
Lung,"Gains increasingly powerful strength, durability, healing, armor, senses, additional physical features, and pyrokinesis, so long as he keeps fighting.",8,8,9,4,6,4,3,2,4.9,"The dragon himself. I didn't actually like him that much, but once I read his backstory interlude I started to see the appeal. One of the few parahumans who can singlehandedly go toe-to-toe with an endbringer, if only temporarily after some build-up. That makes him objectively one of the strongest in the series, which I'm pretty sure is something that is generally agreed upon."
Lustrum,Massive breaker form fueled by draining from the physical and mental faculties of those nearby.,7,8,3,2,5,4,3,2,3.8,"Tragically imprisoned for girlbossing, many such cases."
Mannequin / Sphere,"Tinker specializes in closed systems, typically augmentations for a multi-piece suit containing his own body.",5,7,5,4,4,4,4,4,4.5,"One of the most compelling characters in the series, and my favorite S9 member. The evocative way in which his appearance and movements are described, the way his backstory explains but can't justify why he's become what he's become, the inversion of his powers when he went from being a protector of the people to a self-isolating sociopath, pretty much everything about the character is just perfectly written. In the first Slaughterhouse 9 arc, he felt like the most terrifying member, and that's saying something next to Bonesaw."
Manpower,"Electromagnetic forcefield, used to augment own strength.",6,7,2,2,3,3,3,2,3.1,"That sure is a brute, not much else to say."
Mantellum,Case 53. Blocks out sensory aspects of powers progressively more with proximity.,2,3,2,2,5,4,2,4,2.8,"Hard-countering all thinkers in range, as well as a bunch of different aspects of a bunch of different powers, is insanely good. He's a great guy to have to support your team, but isn't all that great on his own, since you could just shoot him (or drop a disintegration knife on him) from outside his range."
Marquis,"Skilled osteokinetic, produced and re-shaped a variety of bone constructions, could affect enemy's exposed bones.",6,6,4,2,8,4,3,2,3.9,"If I were a cape, this guy would be on the top of my 'people I absolutely do not want to fight' list. He gets to freely control a strong-as-steel material, doing pretty much whatever he wants with it, and if he manages to injure you bad enough that he can see your bones, then you're basically cooked. Plus, he gets some solid regeneration powers, and his shard budded into the most versatile biokinetic in the multiverse, so I think the lack of pain tolerance from breaking bone is honestly a fair trade."
Masamune,Can mass produce tinkertech.,9,2,2,5,2,3,2,2,2.8,"As a tinker who works with other people's tinker tech, he's hard to rank, but breaking one of the few restricting factors of tinkering is conceptually awesome. The problem is, we don't really see much of what he built, except for some extra nanothorn knives, combat engines, some kind of sword, and some laser pistols. All good stuff, but definitely not the best he could do. Still, I'll have to stick by my rules on judging tinkers by what they have done and not what they could do."
Matryoshka,"Can unfold herself into ribbons. Absorbs others, gaining memories/traits at the cost of her own. Can layer, diluting her form with multiple consumed. Slowly digests those she absorbs, but can choose to hold them inside herself without absorbing them. Case 53.",2,2,2,4,3,2,2,2,2.3,"I guess it's technically better than nothing, but this power sucks."
Miasma,"Can turn invisible and undetectable, spewing off an odorless gas that causes a variety of bad mental effects, eventually ending in a coma with enough exposure. Being attacked in stranger form causes him to explode into thick, green smoke.",2,2,2,2,6,3,2,6,2.8,"The descriptions given only say that the gas is odorless, but I'm going to make the assumption that they're also tasteless and colorless, or else there would be no point in being a stranger. In that case, he's good as a basically living gas grenade, but not that great in any other situation."
Miss Militia,"Can call forth conventional weaponry, or modify the summoned weaponry at will.",7,2,3,3,2,6,2,2,3,"GOD BLESS AMERICA WHAT THE FUCK IS A KILOMETER YEEE HAWWW. Also, guys remember when she was implied to have been making a nuke. I remember. Top tier."
Mockshow / Romp,"Can animate objects with a touch and command them. There is no upward size, number, or distance limit, but the objects are not autonomous and need to receive direct commands, larger objects need more time to animate, and nothing smaller than half the size of a typical car can be animated. Works much better on high-quality and mechanical objects, and multiple objects can be combined together at the cost of time and durability.",5,5,3,2,4,5,3,2,3.4,"First of all, I really underestimated her powerset. It's complicated to deal with, but her power absolutely has the potential to be fairly broken in the right environment. Her powers are oddly loose on hard limits, so there's a lot that she can theoretically do with a little bit of time and effort. Like, there is definitely an alternate universe where she gets a tinker to make her a big robot and turns Worm into a mecha anime. We also saw in her fight as Mockshow that you can't really use objects to restrain her, as they'll just end up as one of her minions. Practical stuff like that combined with the raw firepower of her minions makes her an even better ""big thing"" master than Bitch or Parian imo. As a side note, I really loved her little Mockshow to Romp character arc, I'm glad Wildbow brought her back like that."
Moord Nag,"Controls a massive, smoke-like pet that reacts to malicious intent and gets bigger and stronger as it eats more humans.",8,9,9,3,3,4,3,1,4,"Managed to be a consistent front-liner against Scion, putting her in the upper echelon of capes by default. I believe it was said that Africa in general was a pretty brutally competitive continent for capes, so her being at the top of that totem pole says a lot about her relative strength."
Mouse Protector,Could teleport to tagged people or objects.  Had lesser powers including increased coordination and agility.,2,2,2,2,4,2,8,3,2.7,I like this character way too much given the amount of screen time she gets. RIP Mouse Protector you and Aisha would have been best friends.
Mr. Keene,"Hyper-skilled, emphasizing teamwork and cooperation, secondary power enabled emotion reading.",2,2,2,4,2,2,2,2,2.2,I think we see him once and he doesn't even really use his powers.
Murder Rat,"Hybrid of Mouse Protector & Ravager. Agile, flexible, knife-fingers, wounds inflicted scar badly, smoke. Can teleport to the side of anyone they wound.",4,2,2,2,3,3,8,3,3,Mouse Protector didn't deserve this :(
Mush,"Formed a hulking body of detritus, moisture, and particulate matter, with human form at the center.",4,4,4,2,2,2,2,2,2.6,I kinda get why he joined the Merchants I'd be mad too if this was my power.
Myrddin,"Carried several pocket dimensions, flinging them out and activating them for a selection of dimension-specific effects.",8,8,3,3,9,4,3,3,4.6,"He might be my favorite (human) PRT member everything about him is so cool and honestly I needed more screentime from him, so he's probably the most unfortunate Echinda victim in my eyes. His powers basically make him Eidolon-lite, with some pretty crazy versatility while still being powerful. Also, he gets to dress like a wizard and chant spells so he's automatically top-tier."
Narwhal,"Can generate forcefields that can be finely moved and maniplated, or shot at high velocities. Can also create forcefields within living beings, violating the Manton effect.",8,8,3,2,6,4,3,2,3.9,"Taylor described her so impressively (and gayly) on their first meeting in Extermination so I was waiting to see what she could do. She proceeded to fuck Leviathan up, so she was immediately one of the coolest characters in the series to me. I was always waiting for her to come back, but she didn't get too much else, aside from appearing briefly during GM. I do hear she comes back in Ward though, so I'm glad."
Nero,Can create materials/goods. Can track the location of the things he creates.,2,2,2,2,4,2,2,2,2.2,"I mean, I don't think we actually see him use his power, so it's not very easy to rank."
Newter,"Case 53, can adhere to surfaces, has hallucinogenic bodily fluids, is physically strong/tough/agile, and has a prehensile tail.",3,3,4,2,5,3,4,3,3.3,"The closest we get to Spider-man in Worm. He's got a fairly well-rounded powerset, and I can see how he makes a good addition to Faultline's crew."
Nice Guy,"Forces all others to regard him as friendly and non-threatening, regardless of his actions",2,2,2,3,2,3,2,7,2.6,Genuinely if you're a hero and don't want to risk killing civilians how do you even catch this guy? I think this stranger power is pretty much on par with Aisha's because there seem to be fewer ways around it but he also has to be consciously targeting someone for it to work.
Night,"When not being observed, transforms into a strong, fast, and durable monster. Transformation resets body to perfect condition.",5,7,9,3,3,2,4,2,3.8,"This is honestly such a cool power, and I especially liked the tactics that she used in conjunction with it. Her monster form is obviously powerful, but the fact that she basically forces the other side to pay special attention to her at all times is insanely beneficial in cape fights that often involve some degree of subterfuge."
Night Hag,"Has a breaker state that can enter and ""infect"" surrounding material, allowing it to be controlled at will and further spread infection. Can reform from the infected ground if killed, and doesn't need to eat, sleep, or end breaker state.",3,3,8,3,5,4,2,3,3.6,"We know very little about how her power actually operates, but she seems like a kinda Tohu-lite. She can resurrect herself, and her presence during the S-9000 arc was explicitly making things a lot harder during some battles, so she must have been good at what she did."
Nilbog,Creates custom minions after recycling existing living matter. Minions can procreate and have powers of their own.,8,8,8,8,8,8,8,8,8,"An S-class threat to rival the Endbringers. The fact that the PRT was forced to leave him alone should be proof enough of the effectiveness of his power, but he does have his weaknesses. If his shard hadn't made him stay in one spot, I think it's very possible that he could have taken over the world."
Nix,Cam produce harmless gas that could be shaped into controlled but fragile silent images.,2,2,2,2,6,4,2,6,2.9,"Trolled an entire audience by picking the same name as her sister, ggs."
Null / Zero,Can split and delegate powers amongst a group.,2,2,2,2,4,9,2,2,2.6,"I mean I guess it's a good power if you're a part of something like the Yàngbǎn, but a power that needs a bunch of other allied capes to be good kinda sucks."
Nyx,Can produce toxic gas that could be shaped into controlled but fragile silent images.,3,2,2,2,6,4,2,6,3,"Of these two sisters, one of them joined the most evil and vile group in the series, and the other joined the Slaughterhouse 9."
Oliver,Slowly shifts body into becoming personally attractive. Can also learn skills at an enhanced rate.,2,2,2,3,3,2,2,3,2.3,Honestly? It's not the worst power on here. It'd be more useful IRL than a lot of even the higher-scored powers on this spreadsheet.
One,Brainwashing-capable thinker.,2,2,2,3,3,2,2,2,2.2,"Doesn't even appear in the story, these scores are complete guesses based on the single-sentence description we get of them."
Oni Lee,"Teleports, leaving behind a duplicate that can act autonomously for 5-10 seconds before bursting into dust.",2,2,2,2,6,4,10,3,3.2,"One of the coolest takes on a teleporter I've seen in fiction and was one of the first characters that really got me invested in Wildbow's worldbuilding. Take note that Jack says something about it giving him brain damage, but that's never actually confirmed, and Jack isn't actually that smart."
Othala,"Can grant temporary powers with a touch. Powers include invincibility, super strength/speed, pyrokinesis, regeneration, and flight.",4,8,4,2,6,3,4,2,3.7,"I constantly get her confused with Othello. Kind of like with tinkers, this is a ranking based on the powers she can provide to others because she can't actually give them to herself. However, all the powers are so solid that if the time limit on them wasn't so small (30 seconds to 2 minutes) she could be considered one of the best trumps in the series. With consistent contact, she kind of is already."
Othello,"Has an invisible, untouchable mirror self in a mirror world, which relays the information it gathers. Can switch worlds with the other self, mimicking teleportation, and can also allow the mirror self to interact weakly with objects in the real world.",3,2,2,5,3,4,7,8,3.8,"Depending on the range at which the mirror can move and relay information, this is either the best stranger power in the series barring maybe Sleeper, or just pretty good."
Panacea / Amy,"Touch-based biokinesis. Can sense the biology of any lifeform at a touch, and modify that biology at with a high degree of fidelity.",6,2,2,6,10,9,2,3,4.1,"I love her and wish her the best, but Amy probably has the most wasted potential in terms of how she uses her power (which is admittedly entirely intentional on Wildbow's part). She basically has the strongest parts of every ""wet"" tinker and striker mixed together, plus the ability to make custom lifeforms. Earth Bet lucked out when she didn't decide to become a S9 member since her + Bonesaw is basically a world-ending threat."
Parian,"Can manipulate lightweight objects with telekinesis. Can ""fill"" porous materials with telekinesis to make strong and durable puppets.",8,7,3,3,3,4,3,2,3.7,"Apparently, the endbringer-level ""true-use"" of her power gets revealed in Ward but I haven't read it yet so she's stuck at this ranking for now. That's not to say she has it bad, remember she was significantly hampering Leviathan for a couple of moments in basically her first-ever fight."
Particulate,Dust tinker.,5,2,2,3,2,2,2,2,2.4,"I mean he's the dust tinker, what else is there to explain?"
Perdition,Can set a target's state and location back to how it was three seconds ago. This includes the memories of living things.,2,3,6,2,5,4,2,3,3.1,I'm sorry I hate him even more than I hate Teacher or Saint like WHY? Someone should have just shot him in the head bc clearly the Simurgh did an equivalent amount of brain damage.
Phir Sē,"Creates portals that lead a couple of minutes back in time. Can lead light through two portals to massively increase its energy output over time, resulting in a powerful blast when released.",8,2,9,8,9,4,2,3,4.7,"Being able to time travel a couple of minutes back is one of the best powers in the series on its own, but adding a country-destroying, endbringer-frying bomb on top of that? Yeah, he needed to be killed off."
Prefab,Can create walls over the course of several seconds.,2,3,2,2,3,2,2,2,2.2,"It's possible that he also has enhanced strength, since Taylor pointed out how heavy his costume and equipment looked and he was moving just fine, but that's not explicitly said so I won't include it. Otherwise, we don't really get a lot from him."
Pretender,Can take over the bodies of others.,2,2,2,2,6,2,2,3,2.4,"I honestly have no clue how to rank him, especially because we don't know how his power activates/operates."
Prism,"Can split self into three clones, and can optionally include items in the cloning process. Clones are identical and can survive destruction so long as one remains. Clones can be re-absorbed for a short-term boost to physicality.",3,3,6,2,3,3,3,2,3,"She had a pretty cool fight with Skitter, and her power is pretty versatile. Just being able to turn into three regular people isn't that strong, though, and the strength/speed/durability boost could come in handy sometimes but isn't super significant. I'd say the best part of this power is that each of the clones counts as a ""true self"" so it doesn't really matter which ones die as long as one remains. This sets up some interesting tactics, to say the least."
Professor Haywire,"Interdimentional technology tinker, could also build more general tinker gadgets. Was in constant mental contact with himself from two different realities.",6,4,2,8,5,4,3,6,4.4,"The most cartoon-villain-sounding cape name, I love it. He was dead before the story even started, but the fact that he's still fairly relevant well after his death is a major accomplishment on his part. His specific brand of tinkertech is honestly really hard to rank on top of not being directly shown for the most part, so the numbers will probably end up a little strange."
Prolapse,"Biokinetic durability and size, could turn people inside-out with a touch.",4,3,2,2,2,2,3,2,2.4,GET THE HELL OUT GET OUUUT GET OUUUUUT GET OUUUT -CalebCity
Psychosoma,"Can turn people into controlled, wall-crawling beasts. The effect is fragile, with the victim returning to normal if the beast form is harmed.",3,2,3,2,5,3,3,2,2.7,"As Theo pointed out, most of the effect of this power is more psychological than anything. Lots of parahumans have ways to pretty easily deal with the monsters, but having to deal with them all at once or else you leave room for the others to become victims? That's much harder."
Purity,"Can fly, and can charge up with light over time and shoot it back out as large, twisting blasts.",6,2,2,3,2,4,6,2,3,"Goddamn does being racist give you a buff in this universe? The only saving grace is that I don't believe she has any sort of enhanced durability, so you can just shoot her."
Pyrotechnical,"Flame manipulation, special effects, and gun tinker.",4,2,2,2,3,3,2,2,2.4,"Okay look, I know I said I'd rank tinkers based on what they have made and not what they could feasibly make, but when we literally don't see anything a tinker has made I'm just gonna have to make some guesses."
Queen of Swords,Can connect to nearby capes and combine the effects of their powers into bullets.,7,2,2,2,2,2,2,2,2.3,"We only see one showing of her power, but it was enough to make Scion stumble so there's that. Regardless, her power isn't actually fully explained so this is the best I can give it."
Ravager,"Enhanced physique, all wounds inflicted would fester and scar horrifically if not tended to, scratches becoming eviscerations; maintained clairvoyant awareness of wounded.",4,3,3,4,3,2,3,2,2.9,"She sounds good in the way that grab-bag capes tend to be, with their versatility and smaller powers that synergize in big ways. Not a lot about this power helps directly in a fight, but it's fantastic for punishing retreats, which I imagined happened often in her time in the S9."
Raymancer,Creates innumerable energy blasts and condenses them to devastating effect with a lens he projects and controls.,5,2,2,2,3,4,2,2,2.6,"His entire screen time came while Taylor was blind, so our descriptions of him and his powers are vague. Tecton spoke highly of him though, and I trust Tecton."
Regent / Hijack,"Can cause involuntary muscle movements in other's bodies. If given the time, can establish full bodily control, being able to experience their senses and use their parahuman abilities. Can control multiple people, but fidelity worsens as the number and distance of puppets grows.",3,3,2,5,9,6,2,7,4,"It's fucked that he had absolutely zero chance of ever living a normal life, but at least during his time with the Underesiders, he lived as he wanted to without committing heinous crimes, experienced genuine connection, and went out something of a hero. His spasming power is pretty potent and would be even better if he cared to train physically. His real master power's use is obviously great, even if using it to its fullest extent would make the entire cape community want to kill him."
Ren,"Can suction air into his mouth with enough force to pull objects towards himself, and can blow that air back out with a similarly potent force.",3,2,2,2,3,3,2,2,2.3,"Lol, I guess you could say... I guess you could say this power... I guess you could say this power uhhh is bad?"
Revel,Can absorb energy with a lantern and launch it back as programmable energy orbs that can detonate or shear targets.,8,7,2,2,6,4,3,2,3.7,"Revel is one of those characters that I wish we saw more of! Her power is flashy and interesting, not to mention potent and useful."
Rifle,Can increase the range of projectile weapons. Also has enhanced perceptions.,3,2,2,3,2,6,2,2,2.5,"Cool power, but was never actually showcased and doesn't seem that useful at face value."
Rime,"Can fly, and can create compressed ice fractals that can curve in the air. Fractals explode into glaciers of predetermined size and shape on impact.",6,4,2,3,5,4,3,2,3.4,"One of the more conventional powers in the series, but it's not a bad one. She ends up being a 'flying artillery' type of cape, like Legend or Purity, with less raw firepower but more battlefield control than they tend to get."
Rosary,"Can break nonliving objects into small, sharp fragments that can be weakly telekinetically controlled. The fragments can be reconstituted into the original object, in whole or in parts.",5,2,2,2,5,3,2,2,2.6,"For some reason, I thought this power was way better on my first reading than it ended up being. The fragments are too weak to kill even bugs, and her only real way of attacking is dropping big stuff on people, which can be dodged by anyone paying attention. I guess it's useful in that it destroys nonliving materials immediately, which is good for messing with the environment, but she would definitely struggle in a 1-on-1 fight."
Rune,"Can attune to discrete objects with momentary touch, allowing for telekinetic control of them afterward. Objects can weigh several tons, but attuning to any more than two causes negative side effects.",5,2,2,2,5,4,3,2,2.9,"This feels worse than standard telekinesis to me. The high weight limit is nice, having to touch the object for several seconds first and being limited to two objects at a time removes a lot of what makes telekinesis a good power in the first place."
Saint,"Tinker 0, maintains an understanding of Dragon's tech via Teacher.",2,3,2,3,2,2,3,2,2.3,"From his introduction, this guy really tricked me into thinking he'd be cool as hell with his names, backstory, and general vibe. And then not only does it get revealed that he's a powerless bum, but he keeps trying to kill my favorite character and messes things up in an end-of-the-world scenario completely unnecessarily. That makes me Saint's biggest hater, and I promise you that if I saw him in the streets irl, I would lay his ass out I'm so serious."
Samuel Vasil,"Can sense people based on their emotions, and is innately aware of people's mental defenses and how to break them.",2,2,2,5,3,2,2,2,2.4,"At face value, this seems like the most lackluster power of Heartbreaker's kids. We haven't seen it in action though, so maybe it's better than I'm thinking."
Sanguine,Can manipulate blood.,5,2,2,2,5,3,2,2,2.6,"Was stated by Taylor to be able to hurt Leviathan in some way, but I don't see how that would happen so I don't know if I can trust that information. The only thing we see this character do is heal, which is rare enough in the Wormverse to be pretty valuable on its own."
Satyrical,"Can shapeshift into other people, and produce clones capable of the same.",2,2,2,3,5,5,2,7,3.1,"We don't really know the details of how he controls his clones or how far he can be from them, but even so, his powers are perfect for the life of subterfuge he's taken up. Like most Vegas capes, this won't help him much in a straight-up fight though beyond giving him a numbers advantage."
Scanner,"Can grant others the enhanced ability to read into verbal and non-verbal cues, allowing the recipient to draw conclusions about the thoughts and brain patterns of others.",2,2,2,5,3,2,2,2,2.4,"The closest we get to straight-up telepathy in the Wormverse, I believe. This is basically if Tattletale was optimized towards guessing people's (and Endbringer's) thoughts, which is notably hard for her."
Scape One,Can spatially twist matter until it dissolves into radioactive dust.,6,2,2,2,6,4,2,2,2.9,Giving your opponent cancer even if you lose is devious.
Scape Two,"Can press self and others into 2D space, hiding them on surfaces. Damaging the surface damages the person inside.",2,2,2,2,5,4,2,5,2.7,"This is helpful if you're defending an area that you know will stay relatively undamaged and want to pull off a surprise attack, but otherwise, I'm not seeing too much use."
Scapegoat,Can transfer physical and mental afflictions to and from himself. The target must stay within 150 feet and not sustain more damage for 1-6 hours for the effect to hold.,3,2,4,3,5,4,2,2,3,The GOAT part of his name comes from him giving us one of the best lines in the series.
Screamer,"Can manipulate sound with a high level of fidelity to pull of feats like imitating voices, broadcasting across wide areas, nullifing sounds and voices, amplifying a sound to be painful to hear, and spreaking to others as if she were the voice in thier head. Can transmit sound through many accousitc mediums, and can hear any sound within her radius.",2,2,2,5,6,6,2,3,3.1,"I think this ability is my favorite out of the Slaughterhouse 9, even if it doesn't belong to my favorite character. It's just so useful at such a wide range, basically breaking down the communication of any team that gets anywhere near you, whilst also being able to spy on them and fuck up their ability to focus on much of anything."
Screen,Allows those connected to them to communicate and handle information overload during thinker visions.,2,2,2,2,4,2,2,2,2.2,"Does one job, and does it well. Not much to say about this one."
Scrub,Chaotically generates spherical bursts that remove non-structural components of nearby matter from existence. The bursts will ignore most defenses and can be pushed to happen more frequently in a given general direction.,10,2,2,2,3,3,2,2,2.7,"This is proof that not all all-or-nothing powers are particularly good. Not being able to aim his blasts at all makes this a great power to potentially take chunks out of teammates and completely miss adversaries. And in reality, if he doesn't manage to hit whatever he needs to, he's screwed because the power offers him literally nothing other than a strong attack."
Sere,"Can violently draw in moisture in a tight cone or personal field, rapidly dehydrating targets.",7,3,2,2,2,3,2,2,2.6,"This is definitely one of the funnier ""fuck you"" powers in the series. Imagine it's a hot day and you're fighting this guy in a thick costume and he hits you I'd be so mad if I survived."
Shadow Stalker,"Can shift self and touched objects into a shadow state, making them light, intangible, nearly invisible, and vulnerable to electric shock.",5,5,3,2,2,2,3,3,2.9,"I couldn't help but think this girl was just a drama queen the whole story, I think she needed a normal outlet for her edginess, like hop on Reddit or something. Her power is fairly alright, it does well as a mover ability and lets her ignore some defenses, but her intangibility really isn't all that potent compared to some of the other demonstrations of the same power we see in the series."
Shamrock,"Case 53, utilizes telekinesis and clairvoyance at a microscopic level to emulate impossible levels of good fortune. Is also a blindspot for other clairvoyants/precognatives.",3,4,6,3,6,4,3,3,3.8,"This is like baby's first Path to Victory, in that things are just going to go right for Shamrock, which goes a long way in the Wormverse. She's well-defended by her power on her own, but this also makes her a fantastic addition to any team."
Shatterbird,"Uses ultrasonic frequencies to manipulate silicon, with more fine control the closer/more silicon there is to work with. Can also hear through silicon materials.",5,3,3,3,8,6,3,2,3.7,"AoE god, I wish she would have come up more in the S9K arc. Her power is insanely versatile in a way that's strangely similar to Taylor's. The more solid nature of what she controls makes her fantastic at making barriers and shutting down areas while still being able to pack enough punch to shear Hookwolf in half if she needs to. She's honestly such an underrated part of what made the S9 so terrifying, and she's also responsible for giving us one of the best Taylor characterization moments in the form of her running to save her dad. Thanks, Shatterbird! Also, I know her ""song"" can't actually be heard but I always imagine it as ""A Beautiful Song"" from the Nier:Automata soundtrack."
Shén Yù,"Thinker, maintained expert tactical abilities and understanding of movements and maneuvers, giving a pseudo-clairvoyance regarding battlefields.",2,2,2,7,3,2,2,2,2.5,"We only really saw a direct showing of his power against Kephri, where he was able to launch a quick but ineffective counter-attack against her."
Shielder,"Can fly, create lasers, and project forcefields.",3,6,2,3,4,4,3,2,3.2,"RIP, I liked the dynamic the powers within New Wave had. I think the shields are the most useful of the three powers they get, so I would have liked to see more of this guy before he died."
Shuffle,Can teleport sections of a landscape. Limited accuracy/control.,2,2,2,2,5,5,2,2,2.5,"This power seems hard to use directly in combat, but being able to restructure the terrain like this is a pretty huge boon, so I'd say it's pretty good."
Siberian,Generates an unstoppable and immovable projection that can share it's properties with people and objects it maintains contact with,10,9,9,2,7,7,4,3,5.6,I needed a little more elaboration on this backstory because I feel like there was a whole can of unexplored worms here.
Sifara,"Can spatially lock the relative positions and orientations of people, objects, and effects.",5,3,2,2,7,3,4,2,3.2,"This power on its own is insanely useful, even accounting for the fact that touch is the preferred method of activating it. With it, you can basically stop yourself and others from ever being touched by any one thing, and in a world where so many rely on touch or physical objects to dish out damage, that makes you really hard to beat to a lot of people. Combine that with the whole linear velocity =  angular velocity * radius thing from high school physics and you can get some insane output from a guy with a ball and a big rock."
Silkroad,Able to lay strips of power that multiply others' speed.,2,2,2,2,7,9,3,2,3,"We see very little of how this power works, but we do know that it's instrumental for getting everyone where they need to be on time, which makes it pretty instrumental in the story overall."
Skidmark,Can cover surfaces with a field of unidirectional repulsive force. The fields can be up to ~100 yards on either side and can be layered to increase the severity of the effect.,3,3,2,2,6,5,3,2,3,"This is kind of up there with The Hand from JJBA, where an okay power is kneecapped by being used by a complete idiot, and in response, the fandom way overstates the ability itself. Yes, a smarter Skidmark could feasibly knock around endbringers, but at the end of the day, the power is slow and not all that potent without significant wind-up."
Skinslip,Regenerator capable of manipulating his own skin. Can extend the ability by attaching the skin of others to his own.,3,3,4,2,3,3,3,2,2.8,"I wonder if there are any potential capes that get powers like this, that make them do shit like staple other people's skin to their own to be effective, and just sit out of the cape business entirely bc fuck that."
Skitter / Weaver,"Can telepathically control and communicate with bugs. The number of bugs she can control is unlimited within her range, which encompasses a several-block radius. Her commands dominate her minion's instincts entirely, and she can make them perform complex/self-destructive actions, with commands staying in effect until she actively dismisses them. She can give general instructions to or finely control any number of individual bugs in her swarm at once, and may accidentally command them unconsciously, such as by naturally offloading her body language onto them. She can get sensory input from her minions, which is individually difficult for her human brain to interpret but can be used as a swarm to get a clearer picture. She also innately knows the biologies and relative positions of all bugs within her area of control",4,4,2,7,8,6,3,3,4.2,"I could go on for hours talking about how narratively perfect this powerset is for Taylor, but for the sake of not writing an essay in a spreadsheet, I'll keep it to the meatheaded power scaling. Besides making her locally omniscient, Taylor's little army is also so diverse and versatile that the amount of things she can do at any given moment is staggering. I mean biting, envenoming, sticking up with webs, blocking vision, blocking airways, communicating, dragging, and freaking out anyone within a several-block range is fantastic, and being able to do all those at once to as many people as you like just makes her power almost busted. I honestly don't think I rated her high enough on any given thing, I may have to pull a Tagg and give her a +2 to every stat just because I genuinely cannot predict what she'll think of next."
Sleeper,Fx nk N\’i wjfqqd uzy xtrjymnsl mjwj. Ktw wjfq.,?,?,?,?,?,?,?,?,?,???
Snowmann,"Tinker specialized in closed systems, with a heavy focus on the use of cold and ice. Can also slow the movements of people and objects within a certain range.",5,8,4,2,5,3,2,1,3.1,"We don't know how much of Winter's power is in this clone, but it wasn't brought up during the fight where it was around so it can't be that effective. I like this take on a mannequin clone though, the things it made seemed cool and the name is fantastic."
Spitfire,Can forcefully spit a chemical that ignites intensely on contact with people or objects.,5,2,2,2,3,3,2,2,2.5,I think this is the first character whose existence I genuinely forgot about.
Spree,"Can rapidly generate clones, which degrade to the point of being braindead in seconds and a meaty pulp within 15 minutes.",3,4,2,2,5,4,2,2,2.8,Cool power but not super useful beyond creating meat shields and causing a disruption.
Spruce,"Can generate orbs that have a disintegration effect, or alternative sweep over a target for a limited clairvoyant effect.",6,2,2,4,3,3,2,2,2.8,"His power is honestly unclear, so I don't know if this is an accurate ranking."
Spur,Precog whose effectiveness increases with chaos and emotionality.,2,2,2,7,2,2,2,2,2.3,"I mean that's a pretty cool power but I doubt he's in enough situations with mass chaos to make this version of precognition better than the standard, non-chaos-affected precogs on average."
Squealer,"Vehicle tinker, focused on adding size, augmentations, and additions to the vehicles. Can intuitively drive/pilot anything made.",5,4,2,2,3,4,4,3,3.2,"I could honestly see her being a threat if she were in a better situation. Vehicles is a solid tinker spec on its own, but she also seems to be able to make whatever she wants to mount on the vehicle, which is very versatile and could be really be anything."
Stinger,"Tinker specializing in propulsion, mainly jetpacks and missiles.",5,2,2,2,2,4,3,2,2.6,Never actually appears in the story aside from a mention that he stole a potential Taylor villain name and his tech was used as the basis for Taylor's jetpack.
Stormtiger,"Aerokinetic. Can compress air into claws that can detonate explosively at will, carry sounds and smells to himself, deflect projectiles with blasts of air and strong currents, and lift himself into a limited flight.",4,4,2,4,4,3,3,3,3.3,"Another one of the few characters that I completely forgot about. But once again we got another annoyingly solid power from E88. This one really has a little bit of everything, and is honestly pretty fantastic on the versatility front."
Strider,Capable of mass teleportation.,2,2,2,2,2,9,9,2,2.9,"Explicitly the best mass teleporter (at least, after Doormaker)."
String Theory,"Tinker favoring macro-scale doomsday devices, creates objects that have timers built in from the start of the construction process, with catastrophic misfires if interrupted.",10,2,2,2,2,9,2,2,3,"I love my wife, she has endbringers canonically scared enough to be avoiding her and blasted the strongest thing on the planet into the stratosphere."
Subject 3016,"Capable of manifesting parts of his body from various dimensions, resulting in more powerful attacks at a greater range",5,2,2,2,2,3,2,1,2.2,"Poor guy, but the scene where he gets bodied by The Number Man is so cool."
Sundancer,Can create balls of intense heat and light of varying sizes. The miniature suns can be controlled and scaled at will. Is also immune to intense heat and light from all sources.,8,3,2,2,6,4,2,2,3.1,"Having an orb that kills most things is great, don't get me wrong, but I think a part of this power that people overlook is the fact that the mini sun produces blinding light. Whenever Mars is in a fight, she can pick a direction and say ""yeah not only can you not be over here without getting fried, you don't even get to look over here anymore"" and I think that's fun."
Tattletale,Can intuitively extrapolate large amounts of data from a given source.,2,2,2,8,4,2,2,3,2.7,"One of my favorite powers in the series, this is the most creative take on the standard but difficult-to-satisfyingly-write ""super intelligence"" power that I've ever seen. Wildbow really hit it out of the park with the power concept alone, and when you attach it to a character as fun and interesting as Lisa, it becomes something really fantastic. From an in-story effectiveness perspective, Lisa is one of the best Thinkers we're aware of, in a way that I don't think the spreadsheet is really capturing. A good chunk of what makes her power so good is that nobody can tell wtf it is, so they really can't prepare for it properly, which I can't truly reflect with a numerical value."
Teacher,"Grants tinker and thinker powers to those he touches, at the cost of recipients' personal autonomy.",3,2,2,9,9,4,2,4,3.6,"He seems like he's going to be an important character in Ward, so I don't want to spoil myself on him just yet by reading his Wiki page. However, from what we see in Worm, he was able to become a major player just after getting out of super jail and stay relevant after GM, so it's safe to say that his power's probably good. This rating probably isn't high enough ngl."
Tecton,"Tinker specializing in power armor and short-range weapons/tools, with a Thinker ability revolving around understanding architecture, seismic activity, and geology.",5,5,3,4,6,3,2,2,3.5,"He's such a cool guy, I liked the bit where he talked about how he thought about power synergies. Great leader, stand up guy, and has a pretty potent powerset that effectively makes him a Brute, Shaker, and maintains his Thinker status all at once."
The Custodian,"Nearly intangible, capable of affecting surroundings through mass self-replication.",4,6,2,2,5,9,8,7,4.7,Another fantastically creative Wildbow power. I wish we got to see more of her in general.
The Number Man / Harbinger,A near-perfect calculator. Effectively makes him omniscient regarding anything he observes that could be given a numerical value.,6,7,3,9,4,3,4,3,4.5,"My favorite of Cauldron's capes, and undeniably the best thinker that isn't named Contessa or Clairvoyant. He's good in combat, but his ability to manipulate the world economy is probably so much more useful."
Thirteenth Hour / Standstill,"Can selectively force those around her into a sleep-like trance, though doing so affects herself as well. The trance can be broken with a jarring action.",2,2,1,2,4,3,2,2,2.1,LOL this power SUCKS.
Tōng Líng Tǎ / Ziggurat,"Produced shaker waves that altered terrain within their scope, raising, restructuring, or leveling buildings.",2,3,2,2,8,6,2,2,2.9,"Obviously useful, though not for the conflict-based situations that capes usually find themselves in."
Topsy,"Can alter the direction of the gravitational pull on himself and others, as well as on objects and the environment.",3,3,2,2,5,4,3,3,3,"This is a way better power than I assumed at first, I didn't pick up on the fact that he was making it work on specific objects and people. It pretty much amounts to a finicky form of telekinesis, which is a good power regardless."
Toy Soldier,A power suit tinker with a suit the size of a small building.,4,4,4,3,3,3,2,2,3,This guy was built to be a cartoon evil scientist-type character and would 100% be one if they were ever on screen.
Trainwreck,"Case 43, uses pseudopod-like limbs to generate power for tinker equipment. Tinker with a specialization on quickly building crude yet durable armor and weapons at a very low resource cost.",4,5,3,2,3,2,2,1,2.5,"I never realized this guy was a Case 53. Making complicated things to face whatever you need is the whole strength of a tinker, so this specialization that tries to mitigate the time/resource weakness of most tinkers by getting rid of that strength really just ends up as a kind of sucky brute power instead."
Trickster,Can swap the positions of any two objects or people within field of view if they are of similar mass. Differences in mass are balanced by adding the mass of the air around the smaller object. Can sense the size/mass/density of the things he's using his power on.,2,2,2,3,9,5,8,3,3.6,"It's hard to overstate how useful this ability is for manipulating a battlefield, a fact that was handily showcased when Krouse managed to screw up a whole field of capes, including EIDOLON."
Triumph,Enhanced athleticism and durability. Can control the force and area of effect of his voice to shape it into a concussive blast. Also has a mild regenerative ability.,4,3,3,2,3,3,2,2,2.7,"I thought his power was better when I was first reading, but now it does kind of make sense how badly he got beat by Taylor. He's good as one of the most direct victims of Taylor doing her thing, but he's not much of a character otherwise."
Two,Enhances the powers of nearby parahumans.,2,2,2,2,6,3,2,2,2.4,"More power = more better. I don't really see how she'd be useful outside the Yàngbǎn, besides helping out artillery capes from the back."
Tyrant,"Can transfer damage to anyone who had been previously touched within a certain time frame, and has a short-range power nullifying aura.",4,8,3,2,9,2,3,2,3.5,"Bonesaw says she's bad with names, but she keeps giving out some pretty good ones. This mashup plays to Hatchet Face's strengths, though not quite as well as Hack Job does. Still, and even more invincible Hatchet Face would suck to fight so bad."
Uber,Can maintain high-level mastery of any specific technique for as long as he maintains focus on them.,3,3,3,3,3,2,3,3,2.9,"This power is way worse than I was thinking since I thought he gained mastery of full fields of skills rather than specific techniques. At best, he can be above average at a few specific things at once and has to constantly swap between them to be useful."
Ursa Aurora,Creates bear-shaped forcefields.,3,3,2,2,3,4,2,2,2.5,"If the bears were real, she'd be able to beat Jack Slash. But as of now, her power is kind of unclear. The cast list lays that she makes bear-shaped forcefields, but Taylor implies that she duplicates herself and her duplicates shapeshift into forcefield bears? I'll assume the former, but the latter would change some of the numbers."
Usher,Provided single-target power immunity to others.,2,2,2,2,7,4,2,2,2.6,"OMG, I've got Confessions to make, and U Don't Have to Call me out on this, but I completely forgot about this guy."
Valefor,Can implant suggestions and instructions in those he makes eye contact with.,2,2,2,3,8,4,2,4,3,"This power is actually pretty ridiculous, the fact that he can set up hypnotic triggers for later is insanely busted, basically making him a mini-simurgh without the pre/retrocognition. Plus, he gets a thinker ability that lets him track even people like Aisha. Or at least he did, idk if his powers even still work after the whole maggots thing."
Vantage,Super strength/reflexes that scale with the number of opponents faced. Also has short-range teleportation.,3,2,2,2,2,3,4,2,2.4,"Jumpings are surprisingly rare in this series, but since he's in LA I have no doubt he's using his power to its fullest off-screen."
Velocity,Can move at supersonic speeds with the cost of limited effect on the world.,2,3,4,3,2,2,4,2,2.6,"Kinda disappointing that he's just not that mobile all things considered. Yes, he's a fast runner, but that just doesn't really hold up to those who can fly as fast or faster, or straight-up teleport."
Vex,Can fill empty space with razor-sharp forcefields,3,3,2,2,5,4,2,2,2.7,"Discount Narwhal. He doesn't even really do anything during the Teeth fight, which is weird because his power seems pretty effective."
Victor,"Steals skills of those nearby, the breadth and depth of the experience taken scaling with the connection formed. Victims will not regain the skill if it is fully stolen.",3,3,2,5,4,3,2,3,3,"The fact that the skills he takes are both general and permanent makes him so much better than Uber it's insane. He still suffers though in that whatever he does is within the human limit in a series where people routinely go beyond that, but this is still one of the best ""jack of all trades"" powers out there."
Vista,"Can manipulate space, changing distances and distorting non-living material. Gains more range and control the more time and less people are in an area.",3,5,3,3,7,9,3,3,4.1,"I really like Vista, but she really should be at home fangirling about Justin Beiber or something. Her power is fantastic though, as spatial manipulation tends to be."
Wanton,Can temporarily turn into a telekinetic whirlwind.,5,9,3,2,4,3,2,3,3.4,"I hadn't realized it, but the best feature of this power is that it turns Wanton almost completely invincible for 12+ minutes. The other stuff about the whirlwind is just the cherry on top at that point."
Watch,"Intense, short-ranged clairvoyance, short bursts of super speed, and the ability to reach into people's bodies and damage internal structures.",4,2,2,4,4,2,3,2,2.7,"This is such a cool and terrifying mix of powers. I can't see it being used for much but murder, but when he murders, I'm sure Watch murders good."
Weld,"Case 53, is made of metal, which he bonds to and absorbs upon touch. Can shape, rearrange, and melt the metal composing his body. For the purposes of the Manton Effect, tends to be seen as an object for powers that affect living things, and as a living thing for powers that affect objects.",4,4,7,2,2,2,2,1,2.6,"Theoretically, he has a fun synergy with Vista where she can cast Enlarge/Reduce on him because of his Manton thing. In fact, the more I think about that aspect of his powers the more interesting he gets."
Whirlygig,"Telekinesis, but only in a counter-clockwise direction around herself. Effectively a point-blank telekinetic cyclone.",3,2,2,2,3,3,2,2,2.3,Wanton but way worse. I don't even think she did anything in the story.
Winter,"Can dampen physical and mental energy within an area. This causes physical objects to lose kinetic energy, heat and energy attacks to seep away, and people to lose their will to do anything. Can affect a wide range or concentrate power into a smaller but more intense area of effect.",5,4,2,2,7,4,2,2,3.1,This is a cool and creative power. It may have been stronger than what was shown in the story since we only saw Winter clones in action and not the original.
Young Buck,Can fly and turn himself into a living projectile that shoots in a straight line.,5,3,3,3,2,2,5,2,2.9,"The last cape alphabetically, which means he's the last one I'm ranking! Maybe it's because I'm Texan myself, but this whole team kind of stuck in my memory, and I remember thinking Young Buck was really cool. His power is not bad at all, and we know he survived at least two Endbringer-level threats, so respect him!"